﻿{
  "items": [
    {
      "name": "Simple Axe",
      "description": "Typically used for cutting wood, makes an adequate weapon.",
      "type": 0,
      "rarity": 0,
      "baseValue": 25,
      "spriteIdx": 140,
      "traits": [],
      "damage": 0.5,
      "armour": 0,
      "speed": 0,
      "health": 0,
      "range": 0
    },
    {
      "name": "Simple Staff",
      "description": "Said to contain the soul of a web developer.",
      "type": 0,
      "rarity": 0,
      "baseValue": 35,
      "spriteIdx": 142,
      "traits": [ "Ranged" ],
      "damage": 0.5,
      "armour": 0.5,
      "speed": 0,
      "health": 0,
      "range": 0
    },
    {
      "name": "Simple Sword",
      "description": "Enemies who are hit with this sword tend to take damage.",
      "type": 0,
      "rarity": 0,
      "baseValue": 35,
      "spriteIdx": 143,
      "traits": [],
      "damage": 1,
      "armour": 0,
      "speed": 0,
      "health": 0,
      "range": 0
    },
    {
      "name": "Simple Bow",
      "description": "If you want to hurt someone but they are over there and you are over here, you may consider a bow.",
      "type": 0,
      "rarity": 0,
      "baseValue": 35,
      "spriteIdx": 145,
      "traits": [ "Two Handed", "Ranged" ],
      "damage": 0.7,
      "armour": 0,
      "speed": 0,
      "health": 0,
      "range": 5
    },
    {
      "name": "Simple Knife",
      "description": "Not suitable for use in gun fights.",
      "type": 0,
      "rarity": 0,
      "baseValue": 30,
      "spriteIdx": 146,
      "traits": [],
      "damage": 0.5,
      "armour": 0,
      "speed": 40,
      "health": 0,
      "range": 0
    },
    {
      "name": "Mushroom",
      "description": "Seems like a fun guy.\n\nHeals you a bit if you eat it.",
      "type": -1,
      "rarity": 0,
      "baseValue": 15,
      "spriteIdx": 289,
      "traits": [],
      "damage": 0,
      "armour": 0,
      "speed": 0,
      "health": 0,
      "range": 0
    },
    {
      "name": "Wooden Shield",
      "description": "Lighter than an iron shield, which makes it easier to hold, but less effective as a shield.",
      "type": 1,
      "rarity": 0,
      "baseValue": 30,
      "spriteIdx": 156,
      "traits": [],
      "damage": 0,
      "armour": 1,
      "speed": 0,
      "health": 0,
      "range": 0
    },
    {
      "name": "Iron Shield",
      "description": "Heavier than a wooden shield, which makes it more effective as a shield, but harder to hold.",
      "type": 1,
      "rarity": 0,
      "baseValue": 35,
      "spriteIdx": 157,
      "traits": [],
      "damage": 0,
      "armour": 3,
      "speed": -10,
      "health": 0,
      "range": 0
    },
    {
      "name": "Cool Hat",
      "description": "This hat makes its wearer look cool, which makes the hat itself inherently cool.",
      "type": 2,
      "rarity": 1,
      "baseValue": 50,
      "spriteIdx": 158,
      "traits": [],
      "damage": 0,
      "armour": 0,
      "speed": 0,
      "health": 0,
      "range": 0
    },
    {
      "name": "Iron Helmet",
      "description": "Your head is where your brain is, so it's worth looking after.",
      "type": 2,
      "rarity": 0,
      "baseValue": 45,
      "spriteIdx": 160,
      "traits": [],
      "damage": 0,
      "armour": 2,
      "speed": 0,
      "health": 0,
      "range": 0
    },
    {
      "name": "Wizard Hat",
      "description": "No one really understands why pointy hats make magic attacks more powerful, but to be honest no one really understands magic.",
      "type": 2,
      "rarity": 0,
      "baseValue": 45,
      "spriteIdx": 161,
      "traits": [],
      "damage": 1,
      "armour": 0,
      "speed": 0,
      "health": 0,
      "range": 0
    },
    {
      "name": "Ruby Bracelet",
      "description": "It does not serve a practical purpose, but it is shiny and a nice red colour so it is universally coveted.",
      "type": -2,
      "rarity": 1,
      "baseValue": 80,
      "spriteIdx": 162,
      "traits": [],
      "damage": 0,
      "armour": 0,
      "speed": 0,
      "health": 0,
      "range": 0
    },
    {
      "name": "Clothes",
      "description": "For if you are cold or you have personal reservations about being naked.",
      "type": 5,
      "rarity": 0,
      "baseValue": 20,
      "spriteIdx": 164,
      "traits": [],
      "damage": 0,
      "armour": 0,
      "speed": 15,
      "health": 0,
      "range": 0
    },
    {
      "name": "Leather Armour",
      "description": "Can protect you from some damage without impeding your movement or harming your punk aesthetic.",
      "type": 5,
      "rarity": 0,
      "baseValue": 60,
      "spriteIdx": 165,
      "traits": [],
      "damage": 0,
      "armour": 2,
      "speed": 5,
      "health": 0,
      "range": 0
    },
    {
      "name": "Iron Armour",
      "description": "The manufacturer does not recommend this armour for underwater adventures or stealth missions.",
      "type": 5,
      "rarity": 0,
      "baseValue": 70,
      "spriteIdx": 166,
      "traits": [],
      "damage": 0,
      "armour": 5,
      "speed": -10,
      "health": 0,
      "range": 0
    },
    {
      "name": "Fancy Cloak",
      "description": "It makes a very dramatic 'swish' noise when you walk away from someone.",
      "type": -2,
      "rarity": 1,
      "baseValue": 65,
      "spriteIdx": 167,
      "traits": [],
      "damage": 0,
      "armour": 0,
      "speed": 0,
      "health": 0,
      "range": 0
    },
    {
      "name": "Leather Boots",
      "description": "If cowboys existed in this game, these boots would make you look like one, and you would look good because cowboys would look good in this game.",
      "type": 3,
      "rarity": 0,
      "baseValue": 20,
      "spriteIdx": 168,
      "traits": [],
      "damage": 0,
      "armour": 1,
      "speed": 0,
      "health": 0,
      "range": 0
    },
    {
      "name": "Iron Boots",
      "description": "They make a sound as you walk that sounds sort of like 'CLUNK CLUNK CLUNK'",
      "type": 3,
      "rarity": 0,
      "baseValue": 25,
      "spriteIdx": 169,
      "traits": [],
      "damage": 0,
      "armour": 2,
      "speed": -1,
      "health": 0,
      "range": 0
    },
    {
      "name": "Gloves",
      "description": "They don't offer a lot of protection, but they keep your hands nice and warm",
      "type": 4,
      "rarity": 0,
      "baseValue": 20,
      "spriteIdx": 170,
      "traits": [],
      "damage": 0,
      "armour": 0,
      "speed": 0,
      "health": 0,
      "range": 0
    },
    {
      "name": "Iron Gauntlets",
      "description": "Big and heavy and made of metal, they keep your fingers protected against many finger level threats.",
      "type": 4,
      "rarity": 0,
      "baseValue": 25,
      "spriteIdx": 171,
      "traits": [],
      "damage": 0,
      "armour": 1,
      "speed": 0,
      "health": 0,
      "range": 0
    },
    {
      "name": "Emerald Ring",
      "description": "You can tell it's an emerald because it is a green jewel in a video game.",
      "type": -2,
      "rarity": 1,
      "baseValue": 80,
      "spriteIdx": 172,
      "traits": [],
      "damage": 0,
      "armour": 0,
      "speed": 0,
      "health": 0,
      "range": 0
    },
    {
      "name": "Cute Ribbon",
      "description": "Ribbons are used by humans as an accessory to subtly improve their overall aesthetic.",
      "type": -2,
      "rarity": 1,
      "baseValue": 50,
      "spriteIdx": 178,
      "traits": [],
      "damage": 0,
      "armour": 0,
      "speed": 0,
      "health": 0,
      "range": 0
    },
    {
      "name": "Cloak",
      "description": "Not quite as fancy as a Fancy Cloak, but it can be used to cloak you nonetheless.",
      "type": -2,
      "rarity": 0,
      "baseValue": 45,
      "spriteIdx": 179,
      "traits": [],
      "damage": 0,
      "armour": 0,
      "speed": 0,
      "health": 0,
      "range": 0
    },
    {
      "name": "Diamond Jewel",
      "description": "Worth a lot of money to those who believe that diamonds are worth a lot of money.",
      "type": -2,
      "rarity": 2,
      "baseValue": 150,
      "spriteIdx": 180,
      "traits": [],
      "damage": 0,
      "armour": 0,
      "speed": 0,
      "health": 0,
      "range": 0
    },
    {
      "name": "Onyx Jewel",
      "description": "Evolves into a Steelyx Jewel if traded with a metal coat.",
      "type": -2,
      "rarity": 2,
      "baseValue": 120,
      "spriteIdx": 181,
      "traits": [],
      "damage": 0,
      "armour": 0,
      "speed": 0,
      "health": 0,
      "range": 0
    },
    {
      "name": "Fake Diamond Jewel",
      "description": "Perfect for someone wishing to appear wealthy without the hassle of amassing wealth.",
      "type": -2,
      "rarity": 1,
      "baseValue": 95,
      "spriteIdx": 182,
      "traits": [],
      "damage": 0,
      "armour": 0,
      "speed": 0,
      "health": 0,
      "range": 0
    },
    {
      "name": "Ruby Jewel",
      "description": "I guess you could make a Ruby Bracelet with it if this were one of those games where you could do that.",
      "type": -2,
      "rarity": 2,
      "baseValue": 100,
      "spriteIdx": 183,
      "traits": [],
      "damage": 0,
      "armour": 0,
      "speed": 0,
      "health": 0,
      "range": 0
    },
    {
      "name": "Sapphire Jewel",
      "description": "It is shiny and blue like a packet of crisps, but slightly more valuable.",
      "type": -2,
      "rarity": 2,
      "baseValue": 100,
      "spriteIdx": 184,
      "traits": [],
      "damage": 0,
      "armour": 0,
      "speed": 0,
      "health": 0,
      "range": 0
    },
    {
      "name": "Emerald Jewel",
      "description": "One of several jewels in this game. I had to write a descrption for all of them and ran out of ideas by this one.",
      "type": -2,
      "rarity": 2,
      "baseValue": 100,
      "spriteIdx": 185,
      "traits": [],
      "damage": 0,
      "armour": 0,
      "speed": 0,
      "health": 0,
      "range": 0
    },
    {
      "name": "Health Potion",
      "description": "A random bottle of liquid you found on the ground, apparently drinking it will heal you.",
      "type": -1,
      "rarity": 0,
      "baseValue": 40,
      "spriteIdx": 188,
      "traits": [],
      "damage": 0,
      "armour": 0,
      "speed": 0,
      "health": 7,
      "range": 0
    },
    {
      "name": "Weak Poison",
      "description": "We gave you the option to drink this, but we generally advise against it.",
      "type": -1,
      "rarity": 0,
      "baseValue": 35,
      "spriteIdx": 191,
      "traits": [],
      "damage": 0,
      "armour": 0,
      "speed": 0,
      "health": -2,
      "range": 0
    },
    {
      "name": "Strong Poison",
      "description": "It will kill you, do not drink it.",
      "type": -1,
      "rarity": 1,
      "baseValue": 80,
      "spriteIdx": 191,
      "traits": [],
      "damage": 0,
      "armour": 0,
      "speed": 0,
      "health": -20,
      "range": 0
    },
    {
      "name": "Four Leaved Clover",
      "description": "Maybe having this item in your inventory improves your chances of favourable outcomes, and maybe it does not.",
      "type": -2,
      "rarity": 2,
      "baseValue": 120,
      "spriteIdx": 198,
      "traits": [],
      "damage": 0,
      "armour": 0,
      "speed": 0,
      "health": 0,
      "range": 0
    },
    {
      "name": "Magic Lamp",
      "description": "There is a genie trapped inside who would grant you three wishes if you rubbed this lamp, but your player character doesn't know that so will never feel inclined to do so.",
      "type": -2,
      "rarity": 2,
      "baseValue": 120,
      "spriteIdx": 213,
      "traits": [],
      "damage": 0,
      "armour": 0,
      "speed": 0,
      "health": 0,
      "range": 0
    },
    {
      "name": "Love Potion",
      "description": "It makes the person who drinks it fall in love with a man named Colin who works at the love potion factory, who put his DNA into this batch as a prank. Drinking is ill-advised.",
      "type": -2,
      "rarity": 2,
      "baseValue": 100,
      "spriteIdx": 218,
      "traits": [],
      "damage": 0,
      "armour": 0,
      "speed": 0,
      "health": 0,
      "range": 0
    },
    {
      "name": "New Book",
      "description": "'A Comprehensive Guide to Jewelry Making' This would be a great book to find in a game where you could make jewelry.",
      "type": -2,
      "rarity": 2,
      "baseValue": 100,
      "spriteIdx": 222,
      "traits": [],
      "damage": 0,
      "armour": 0,
      "speed": 0,
      "health": 0,
      "range": 0
    },
    {
      "name": "Old Book",
      "description": "There are a few pages missing, but from what you can tell it's a story about a character who goes on an adventure and there is a comic relief sidekick and an old character who is very wise and guides them.",
      "type": -2,
      "rarity": 0,
      "baseValue": 20,
      "spriteIdx": 225,
      "traits": [],
      "damage": 0,
      "armour": 0,
      "speed": 0,
      "health": 0,
      "range": 0
    },
    {
      "name": "Used Book",
      "description": "[insert pop culture reference here]",
      "type": -2,
      "rarity": 1,
      "baseValue": 40,
      "spriteIdx": 226,
      "traits": [],
      "damage": 0,
      "armour": 0,
      "speed": 0,
      "health": 0,
      "range": 0
    },
    {
      "name": "Mysterious Map",
      "description": "You could go looking to see what the X on this map is guiding you to, but this is a game about selling things, so you won't.",
      "type": -2,
      "rarity": 2,
      "baseValue": 150,
      "spriteIdx": 227,
      "traits": [],
      "damage": 0,
      "armour": 0,
      "speed": 0,
      "health": 0,
      "range": 0
    },
    {
      "name": "Magic Scroll",
      "description": "If you could understand the scroll's mysterious language you would know that this scoll teaches a spell which can improve its caster's singing voice.",
      "type": -2,
      "rarity": 2,
      "baseValue": 150,
      "spriteIdx": 234,
      "traits": [],
      "damage": 0,
      "armour": 0,
      "speed": 0,
      "health": 0,
      "range": 0
    },
    {
      "name": "Lyre",
      "description": "Anyway, here's Wonderwall.",
      "type": -2,
      "rarity": 1,
      "baseValue": 90,
      "spriteIdx": 244,
      "traits": [],
      "damage": 0,
      "armour": 0,
      "speed": 0,
      "health": 0,
      "range": 0
    },
    {
      "name": "Cute Bag",
      "description": "This is a cute bag by default because the other bag in the game doesn't look as good.",
      "type": -2,
      "rarity": 1,
      "baseValue": 70,
      "spriteIdx": 259,
      "traits": [],
      "damage": 0,
      "armour": 0,
      "speed": 0,
      "health": 0,
      "range": 0
    },
    {
      "name": "Dusty Bag",
      "description": "You could just brush the dust off this bag, but then you'd have to find a new name for it, and it seems like more trouble than it's worth.",
      "type": -2,
      "rarity": 0,
      "baseValue": 20,
      "spriteIdx": 260,
      "traits": [],
      "damage": 0,
      "armour": 0,
      "speed": 0,
      "health": 0,
      "range": 0
    },
    {
      "name": "Lower Case T",
      "description": "Across from where?",
      "type": -2,
      "rarity": 2,
      "baseValue": 100,
      "spriteIdx": 277,
      "traits": [],
      "damage": 0,
      "armour": 0,
      "speed": 0,
      "health": 0,
      "range": 0
    },
    {
      "name": "Carrot",
      "description": "Do you really need to read this description? Do you really not know what a carrot is?\n\n(It is a vegetable)",
      "type": -1,
      "rarity": 0,
      "baseValue": 10,
      "spriteIdx": 284,
      "traits": [],
      "damage": 0,
      "armour": 0,
      "speed": 0,
      "health": 2,
      "range": 0
    },
    {
      "name": "Fish",
      "description": "Fish are notoriously good swimmers, not this one though, this one is dead.",
      "type": -1,
      "rarity": 0,
      "baseValue": 15,
      "spriteIdx": 288,
      "traits": [],
      "damage": 0,
      "armour": 0,
      "speed": 0,
      "health": 3,
      "range": 0
    },
    {
      "name": "Log",
      "description": "It's made out of wood.",
      "type": -2,
      "rarity": 0,
      "baseValue": 10,
      "spriteIdx": 327,
      "traits": [],
      "damage": 0,
      "armour": 0,
      "speed": 0,
      "health": 0,
      "range": 0
    },
    {
      "name": "Feather",
      "description": "Most likely came from a bird, or perhaps a very unfortunate human.",
      "type": -2,
      "rarity": 0,
      "baseValue": 10,
      "spriteIdx": 333,
      "traits": [],
      "damage": 0,
      "armour": 0,
      "speed": 0,
      "health": 0,
      "range": 0
    },
    {
      "name": "Cool Feather",
      "description": "Looks cooler than a normal feather, if there were such a thing as a feather collector in this game, they would have paid a lot for this.",
      "type": -2,
      "rarity": 2,
      "baseValue": 90,
      "spriteIdx": 334,
      "traits": [],
      "damage": 0,
      "armour": 0,
      "speed": 0,
      "health": 0,
      "range": 0
    },
    {
      "name": "Blocks o' Gold",
      "description": "In a world where gold is a type of currency, gold is generally considered quite valuable.",
      "type": -2,
      "rarity": 3,
      "baseValue": 250,
      "spriteIdx": 356,
      "traits": [],
      "damage": 0,
      "armour": 0,
      "speed": 0,
      "health": 0,
      "range": 0
    },
    {
      "name": "Sugar",
      "description": "First you get the sugar, then you get the power.",
      "type": -2,
      "rarity": 0,
      "baseValue": 30,
      "spriteIdx": 345,
      "traits": [],
      "damage": 0,
      "armour": 0,
      "speed": 0,
      "health": 0,
      "range": 0
    },
    {
      "name": "Crystal",
      "description": "Maybe it's magical, maybe it's just pretty. In any case it's no use to you and you should sell it.",
      "type": -2,
      "rarity": 2,
      "baseValue": 140,
      "spriteIdx": 341,
      "traits": [],
      "damage": 0,
      "armour": 0,
      "speed": 0,
      "health": 0,
      "range": 0
    },
    {
      "name": "Crystal Ball",
      "description": "In your future I can see you looking back fondly on this game.",
      "type": -2,
      "rarity": 1,
      "baseValue": 90,
      "spriteIdx": 349,
      "traits": [],
      "damage": 0,
      "armour": 0,
      "speed": 0,
      "health": 0,
      "range": 0
    },
    {
      "name": "Dying Plant",
      "description": "It is thirsty little plant, please water it.",
      "type": -2,
      "rarity": 0,
      "baseValue": 35,
      "spriteIdx": 379,
      "traits": [],
      "damage": 0,
      "armour": 0,
      "speed": 0,
      "health": 0,
      "range": 0
    },
    {
      "name": "Healthy Plant",
      "description": "This is not a sentient plant, and if you think you hear it speak it is likely that you are mistaken.",
      "type": -2,
      "rarity": 1,
      "baseValue": 55,
      "spriteIdx": 376,
      "traits": [],
      "damage": 0,
      "armour": 0,
      "speed": 0,
      "health": 0,
      "range": 0
    },
    {
      "name": "Golden Sword",
      "description": "I think this is decorative, I don't think you should use it, but I'm still giving you the option to.",
      "type": 0,
      "rarity": 2,
      "baseValue": 150,
      "spriteIdx": 388,
      "traits": [],
      "damage": -1,
      "armour": -1,
      "speed": -1,
      "health": 0,
      "range": 0
    },
    {
      "name": "Holy Bow",
      "description": "It has been blessed by any deity of your choosing, if you do not choose a deity then it is Jeff Goldblum by default.",
      "type": 0,
      "rarity": 3,
      "baseValue": 400,
      "spriteIdx": 423,
      "traits": [ "Two Handed", "Ranged" ],
      "damage": 2,
      "armour": 0,
      "speed": 20,
      "health": 0,
      "range": 0
    },
    {
      "name": "Demonic Bow",
      "description": "Every time you use this bow, a part of your soul is signed away. You are pretty sure it's not legally enforceable though.",
      "type": 0,
      "rarity": 3,
      "baseValue": 350,
      "spriteIdx": 424,
      "traits": [ "Two Handed", "Ranged" ],
      "damage": 4,
      "armour": 0,
      "speed": 0,
      "health": 0,
      "range": 0
    },
    {
      "name": "Humble Staff",
      "description": "It's the best staff in the game, but it doesn't look very cool, so is it really worth it?",
      "type": 0,
      "rarity": 3,
      "baseValue": 350,
      "spriteIdx": 411,
      "traits": [ "Ranged" ],
      "damage": 2,
      "armour": 2,
      "speed": 15,
      "health": 0,
      "range": 0
    },
    {
      "name": "Fancy Staff",
      "description": "This staff is enchanted with a curse which makes the user have to do a majestic flourish to cast any spell with it.",
      "type": 0,
      "rarity": 2,
      "baseValue": 200,
      "spriteIdx": 419,
      "traits": [ "Ranged" ],
      "damage": 0,
      "armour": 0,
      "speed": 30,
      "health": 0,
      "range": 0
    },
    {
      "name": "Legendary Sword",
      "description": "There is a legend about a sword which is really good and the sword in the legend is this sword.",
      "type": 0,
      "rarity": 3,
      "baseValue": 350,
      "spriteIdx": 389,
      "traits": [],
      "damage": 6,
      "armour": 0,
      "speed": 0,
      "health": 0,
      "range": 0
    },
    {
      "name": "Hefty Sword",
      "description": "It is big and heavy and it hurts a lot to get hit by.",
      "type": 0,
      "rarity": 2,
      "baseValue": 200,
      "spriteIdx": 394,
      "traits": [],
      "damage": 6,
      "armour": 0,
      "speed": -20,
      "health": 0,
      "range": 0
    },
    {
      "name": "Cool Axe",
      "description": "If you chopped down a tree with this axe, axe connoisseurs would not take it well.",
      "type": 0,
      "rarity": 3,
      "baseValue": 50,
      "spriteIdx": 398,
      "traits": [],
      "damage": 9,
      "armour": 0,
      "speed": 0,
      "health": 0,
      "range": 0
    },
    {
      "name": "Ebony Armour",
      "description": "It is called Ebony Armour because it is so dark, it is not made of wood, but no one knows what it is made from.",
      "type": 5,
      "rarity": 3,
      "baseValue": 800,
      "spriteIdx": 431,
      "traits": [],
      "damage": 0,
      "armour": 6,
      "speed": 0,
      "health": 4,
      "range": 0
    },
    {
      "name": "Samurai Armour",
      "description": "It protects the wearer from a lot of damage, but this game is not set in Japan, so people might form certain opinions of you if they see you wearing it.",
      "type": 5,
      "rarity": 2,
      "baseValue": 400,
      "spriteIdx": 433,
      "traits": [],
      "damage": 6,
      "armour": 0,
      "speed": 15,
      "health": 0,
      "range": 0
    },
    {
      "name": "Nice Dress",
      "description": "If you enjoy wearing nice dresses, then you may enjoy this dress, which is nice.",
      "type": 5,
      "rarity": 1,
      "baseValue": 70,
      "spriteIdx": 435,
      "traits": [],
      "damage": 0,
      "armour": 0,
      "speed": 0,
      "health": 0,
      "range": 0
    },
    {
      "name": "Fancy Jacket",
      "description": "As you can see from the image and the name, this jacket is fancy. Appropriate for fancy occasions such as classy balls, meetings with royalty, and doing impressions of annoying rich people.",
      "type": 5,
      "rarity": 2,
      "baseValue": 150,
      "spriteIdx": 438,
      "traits": [],
      "damage": 0,
      "armour": 0,
      "speed": 0,
      "health": 0,
      "range": 0
    },
    {
      "name": "Plain Dress",
      "description": "Perhaps it isn't fair to describe this dress as plain, but there are two dresses in the game and this is the plainer of the two.",
      "type": 5,
      "rarity": 0,
      "baseValue": 80,
      "spriteIdx": 437,
      "traits": [],
      "damage": 0,
      "armour": 0,
      "speed": 0,
      "health": 0,
      "range": 0
    },
    {
      "name": "Hoodie",
      "description": "Merchandise for a local band that your player character supports.",
      "type": 5,
      "rarity": 2,
      "baseValue": 110,
      "spriteIdx": 436,
      "traits": [],
      "damage": 0,
      "armour": 0,
      "speed": 0,
      "health": 0,
      "range": 0
    },
    {
      "name": "Trendy Scarf",
      "description": "You are not a high enough level to wear this, and I don't think you ever will be, but it's nice to look at.",
      "type": -2,
      "rarity": 2,
      "baseValue": 110,
      "spriteIdx": 444,
      "traits": [],
      "damage": 0,
      "armour": 0,
      "speed": 0,
      "health": 0,
      "range": 0
    },
    {
      "name": "Yellow Bow",
      "description": "Not bow as in 'bow and arrow', bow as in 'what a pretty yellow bow'.",
      "type": -2,
      "rarity": 1,
      "baseValue": 90,
      "spriteIdx": 457,
      "traits": [],
      "damage": 0,
      "armour": 0,
      "speed": 0,
      "health": 0,
      "range": 0
    },
    {
      "name": "Bunny Ears",
      "description": "This universe doesn't have bunnies, so these are a little confusing to most people, they still look nice though.",
      "type": 2,
      "rarity": 3,
      "baseValue": 250,
      "spriteIdx": 458,
      "traits": [],
      "damage": 0,
      "armour": 0,
      "speed": 0,
      "health": 0,
      "range": 0
    },
    {
      "name": "Purple Shield",
      "description": "Blocks 100% of emotional damage and grants +7 to personality rolls.",
      "type": 1,
      "rarity": 3,
      "baseValue": 400,
      "spriteIdx": 496,
      "traits": [],
      "damage": 0,
      "armour": 5,
      "speed": 0,
      "health": 0,
      "range": 0
    },
    {
      "name": "Gold Ring",
      "description": "When the DLC comes out and your character can get married, you'll wish you'd kept this.",
      "type": -2,
      "rarity": 2,
      "baseValue": 150,
      "spriteIdx": 508,
      "traits": [],
      "damage": 0,
      "armour": 0,
      "speed": 0,
      "health": 0,
      "range": 0
    },
    {
      "name": "Silver Ring",
      "description": "It has a joke printed on the inside, it's really funny and your character laughs when they read it.",
      "type": -2,
      "rarity": 2,
      "baseValue": 149,
      "spriteIdx": 509,
      "traits": [],
      "damage": 0,
      "armour": 0,
      "speed": 0,
      "health": 0,
      "range": 0
    },
    {
      "name": "Egg",
      "description": "Facebook.com/PracticalYolk/",
      "type": -1,
      "rarity": 0,
      "baseValue": 40,
      "spriteIdx": 295,
      "traits": [],
      "damage": 0,
      "armour": 0,
      "speed": 0,
      "health": 100,
      "range": 0
    }
  ]
}